"Fecha","Tipo","Jugador/Beneficiario","De (Vendedor)","A (Comprador)","Importe"
"14/11/2025","Traspaso","Akor","LALIGA","GOLENCIERRO FC","1283181"
"14/11/2025","Traspaso","Cayetano","LALIGA","Vigar FC","496429"
"14/11/2025","Traspaso","Ratiu","Visite La Manga FC","Pablinistan FC","20198213"
"14/11/2025","Traspaso","C. Romero","Morenazos FC","Vigar FC","20354311"
"14/11/2025","Traspaso","Danjuma","Visite La Manga FC","Vigar FC","27522836"
"15/12/2025","Traspaso","Sørloth","LALIGA","Visite La Manga FC","6678449"
"15/12/2025","Traspaso","Arda Güler","Vigar FC","LALIGA","114014770"
"14/12/2025","Traspaso","Kubo","LALIGA","Visite La Manga FC","19000000"
"14/12/2025","Traspaso","Unai Simón","LALIGA","Alcatamy eSports By","19750653"
"17/12/2025","Blindaje","Cabrera","Liga","Visite La Manga FC","0"
"17/12/2025","Blindaje","Lamine Yamal","Liga","Vigar FC","0"
"17/12/2025","Blindaje","Mbappé","Liga","Alcatamy eSports By","0"
"17/12/2025","Blindaje","Edu Expósito","Liga","Alcatamy eSports By","0"
"16/12/2025","Traspaso","Chavarría","Vigar FC","Visite La Manga FC","19056522"
"16/12/2025","Traspaso","Ratiu","Visite La Manga FC","LALIGA","38953888"
"16/12/2025","Traspaso","A. Rahim","Visite La Manga FC","LALIGA","501208"
"16/12/2025","Traspaso","Nico Williams","LALIGA","Morenazos FC","113000000"
"16/12/2025","Traspaso","Moncayola","LALIGA","Alcatamy eSports By","5755668"
"16/12/2025","Blindaje","Lejeune","Liga","Pablinistan FC","0"
"16/12/2025","Blindaje","A. Moleiro","Liga","Pablinistan FC","0"
"16/12/2025","Recompensa","Visite La Manga FC","Liga","Visite La Manga FC","200000"
"16/12/2025","Recompensa","Vigar FC","Liga","Vigar FC","100000"
"16/12/2025","Recompensa","Alcatamy eSports By","Liga","Alcatamy eSports By","100000"
"16/12/2025","Recompensa","Visite La Manga FC","Liga","Visite La Manga FC","6700000"
"16/12/2025","Recompensa","GOLENCIERRO FC","Liga","GOLENCIERRO FC","6600000"
"16/12/2025","Recompensa","Pablinistan FC","Liga","Pablinistan FC","8900000"
"16/12/2025","Recompensa","Vigar FC","Liga","Vigar FC","7700000"
"16/12/2025","Recompensa","Alcatamy eSports By","Liga","Alcatamy eSports By","8300000"
"16/12/2025","Traspaso","Fornals","LALIGA","Alcatamy eSports By","99321211"
"16/12/2025","Traspaso","lago Aspas","LALIGA","GOLENCIERRO FC","7000000"
"16/12/2025","Traspaso","Pere Milla","LALIGA","Alcatamy eSports By","18125002"
"16/12/2025","Traspaso","Barrenetxea","Alcatamy eSports By","LALIGA","68625387"
"15/12/2025","Traspaso","Arambarri","Vigar FC","LALIGA","23959622"
"14/12/2025","Traspaso","L. Milla","LALIGA","Vigar FC","89061895"
"14/12/2025","Traspaso","Tchouaméni","LALIGA","Pablinistan FC","44848100"
"14/12/2025","Traspaso","Agirrezabala","Pablinistan FC","LALIGA","13095869"
"14/12/2025","Blindaje","A. Moleiro","Liga","Pablinistan FC","0"
"16/12/2025 20:37","Traspaso","F. De Jong","Alcatamy eSports By","LALIGA","49834514"
"16/12/2025 20:00","Traspaso","Gerard Martín","LALIGA","Alcatamy eSports By","7523000"
"16/12/2025 20:00","Traspaso","N. Mendy","LALIGA","GOLENCIERRO FC","7000000"
"16/12/2025 20:00","Traspaso","Eric","LALIGA","Vigar FC","47845001"
"13/12/2025","Traspaso","Ez Abde","Vigar FC","LALIGA","49487355"
"12/12/2025","Traspaso","Lunin","Pablinistan FC","LALIGA","549391"
"12/12/2025","Traspaso","Rafa Romero","Pablinistan FC","LALIGA","534262"
"12/12/2025","Traspaso","Montero","Pablinistan FC","LALIGA","565938"
"12/12/2025","Traspaso","Guedes","LALIGA","Pablinistan FC","18044220"
"12/12/2025","Traspaso","Almeida","LALIGA","GOLENCIERRO FC","1000000"
"12/12/2025","Traspaso","Iñaki Williams","LALIGA","Pablinistan FC","10000550"
"12/12/2025","Traspaso","Leo Román","LALIGA","Visite La Manga FC","19000000"
"12/12/2025","Traspaso","Isi","LALIGA","GOLENCIERRO FC","13200000"
"12/12/2025","Blindaje","Gorrotxa","","","0"
"12/12/2025","Traspaso","Samu Costa","GOLENCIERRO FC","LALIGA","2126409"
"11/12/2025","Traspaso","Rafa Romero","Morenazos FC","Pablinistan FC","1000000"
"11/12/2025","Traspaso","Dmitrovic","Visite La Manga FC","Pablinistan FC","19300491"
"11/12/2025","Traspaso","Lunin","Vigar FC","Pablinistan FC","1000002"
"11/12/2025","Traspaso","Montero","Alcatamy eSports By","Pablinistan FC","1000000"
"11/12/2025","Traspaso","Danjuma","GOLENCIERRO FC","LALIGA","27197097"
"11/12/2025","Traspaso","André Silva","GOLENCIERRO FC","LALIGA","8437386"
"11/12/2025","Traspaso","Nico Gonzalez","LALIGA","Alcatamy eSports By","22943523"
"11/12/2025","Traspaso","Boyomo","LALIGA","GOLENCIERRO FC","12510181"
"11/12/2025","Traspaso","Fran García","Alcatamy eSports By","LALIGA","666608"
"10/12/2025","Blindaje","Isco","","","0"
"10/12/2025","Traspaso","Raphinha","Pablinistan FC","Alcatamy eSports By","190031541"
"10/12/2025","Traspaso","Natan","LALIGA","Vigar FC","40726025"
"10/12/2025","Traspaso","Valentín Gómez","LALIGA","GOLENCIERRO FC","5000000"
"10/12/2025","Traspaso","Valverde","LALIGA","GOLENCIERRO FC","130000001"
"10/12/2025","Recompensa","Vigar FC","","","100000"
"10/12/2025","Recompensa","Alcatamy eSports By","","","100000"
"10/12/2025","Recompensa","GOLENCIERRO FC","","","100000"
"10/12/2025","Blindaje","C. Romero","","","0"
"09/12/2025","Blindaje","Foyth","","","0"
"09/12/2025","Blindaje","Edu Expósito","","","0"
"09/12/2025","Traspaso","Ferrer","Visite La Manga FC","LALIGA","486392"
"09/12/2025","Traspaso","Papa","Visite La Manga FC","LALIGA","479234"
"09/12/2025","Traspaso","Domenech","Visite La Manga FC","LALIGA","506997"
"09/12/2025","Traspaso","Fermín","LALIGA","Vigar FC","105929800"
"09/12/2025","Traspaso","Rafa Mir","LALIGA","Visite La Manga FC","27500000"
"09/12/2025","Traspaso","Manolo González","LALIGA","Visite La Manga FC","547830"
"09/12/2025","Traspaso","Darder","Morenazos FC","GOLENCIERRO FC","25694649"
"09/12/2025","Traspaso","Julián Alvarez","Alcatamy eSports By","GOLENCIERRO FC","176736844"
"09/12/2025","Recompensa","Pablinistan FC","","","3600000"
"09/12/2025","Recompensa","Vigar FC","","","6900000"
"09/12/2025","Recompensa","Alcatamy eSports By","","","5400000"
"09/12/2025","Recompensa","GOLENCIERRO FC","","","6100000"
"09/12/2025","Recompensa","Visite La Manga FC","","","6500000"
"09/12/2025","Recompensa","Morenazos FC","","","5500000"
"09/12/2025","Recompensa","Vigar FC","","","100000"
"08/12/2025","Traspaso","L. Milla","Vigar FC","LALIGA","107207019"
"08/12/2025","Traspaso","R. Araujo","GOLENCIERRO FC","LALIGA","10104916"
"08/12/2025","Traspaso","Raíllo","GOLENCIERRO FC","LALIGA","6389437"
"08/12/2025","Blindaje","Azpilicueta","","","0"
"08/12/2025","Traspaso","Dolan","Pablinistan FC","LALIGA","4000093"
"08/12/2025","Traspaso","Ayoze","GOLENCIERRO FC","Pablinistan FC","48000000"
"08/12/2025","Traspaso","Arda Güler","LALIGA","Vigar FC","128500001"
"08/12/2025","Traspaso","Le Normand","LALIGA","Alcatamy eSports By","27990212"
"08/12/2025","Traspaso","Daley Blind","LALIGA","GOLENCIERRO FC","1764958"
"08/12/2025","Traspaso","Cucho","Vigar FC","LALIGA","72007617"
"08/12/2025","Traspaso","Lewandowski","Vigar FC","LALIGA","113768891"
"07/12/2025","Traspaso","Gayá","Alcatamy eSports By","Pablinistan FC","2753766"
"07/12/2025","Traspaso","Bartra","Pablinistan FC","LALIGA","32613934"
"07/12/2025","Traspaso","Fran García","LALIGA","Alcatamy eSports By","873811"
"07/12/2025","Traspaso","Amrabat","Pablinistan FC","LALIGA","7024966"
"07/12/2025","Traspaso","Gerard","Alcatamy eSports By","LALIGA","36166227"
"06/12/2025","Traspaso","Marcao","Pablinistan FC","LALIGA","644724"
"06/12/2025","Traspaso","Juanlu","GOLENCIERRO FC","LALIGA","1287813"
"06/12/2025","Traspaso","Pepe","GOLENCIERRO FC","LALIGA","39225631"
"06/12/2025","Traspaso","Yuri","LALIGA","GOLENCIERRO FC","18500000"
"06/12/2025","Traspaso","Peque","LALIGA","Visite La Manga FC","568285"
"06/12/2025","Traspaso","Comesaña","Alcatamy eSports By","Vigar FC","28560584"
"05/12/2025","Traspaso","Bryan Gil","Alcatamy eSports By","LALIGA","2580975"
"05/12/2025","Traspaso","Barrios","LALIGA","Morenazos FC","68000000"
"05/12/2025","Traspaso","F. De Jong","LALIGA","Alcatamy eSports By","51553021"
"05/12/2025","Traspaso","Gazzaniga","GOLENCIERRO FC","Alcatamy eSports By","5500000"
"04/12/2025","Traspaso","Muriqi","Visite La Manga FC","Pablinistan FC","32924810"
"04/12/2025","Blindaje","Amrabat","","","0"
"04/12/2025","Traspaso","Trent","Pablinistan FC","LALIGA","18591989"
"04/12/2025","Traspaso","Antony","LALIGA","Alcatamy eSports By","109992312"
"04/12/2025","Traspaso","Febas","LALIGA","Visite La Manga FC","9609053"
"04/12/2025","Traspaso","Arda Güler","Alcatamy eSports By","LALIGA","132893541"
"04/12/2025","Traspaso","Aarón","Alcatamy eSports By","Vigar FC","30239952"
"04/12/2025","Traspaso","Courtois","Vigar FC","GOLENCIERRO FC","50000000"
"04/12/2025","Traspaso","Bartra","Morenazos FC","Pablinistan FC","30746750"
"04/12/2025","Traspaso","F. Calero","GOLENCIERRO FC","Pablinistan FC","1112770"
"04/12/2025","Traspaso","Ounahi","Pablinistan FC","LALIGA","7144160"
"04/12/2025","Blindaje","Comesaña","","","0"
"03/12/2025","Traspaso","Bryan Gil","LALIGA","Alcatamy eSports By","3378799"
"03/12/2025","Traspaso","Asencio","Alcatamy eSports By","LALIGA","5393057"
"02/12/2025","Blindaje","Ez Abde","","","0"
"02/12/2025","Blindaje","L. Milla","","","0"
"02/12/2025","Traspaso","Chavarría","GOLENCIERRO FC","Vigar FC","19056522"
"02/12/2025","Traspaso","A. Liso","GOLENCIERRO FC","LALIGA","6624895"
"02/12/2025","Traspaso","Álvaro Nuñez","Morenazos FC","GOLENCIERRO FC","16742884"
"02/12/2025","Blindaje","Edu Expósito","","","0"
"02/12/2025","Traspaso","Moi Gómez","LALIGA","GOLENCIERRO FC","2157923"
"02/12/2025","Traspaso","Rondón","LALIGA","GOLENCIERRO FC","610371"
"02/12/2025","Traspaso","M. Aguado","LALIGA","GOLENCIERRO FC","1370698"
"02/12/2025","Traspaso","Lejeune","Vigar FC","Pablinistan FC","31172679"
"02/12/2025","Traspaso","Lamine Yamal","GOLENCIERRO FC","Vigar FC","293944827"
"02/12/2025","Traspaso","Bellingham","Vigar FC","Pablinistan FC","192126634"
"02/12/2025","Traspaso","Ratiu","Pablinistan FC","Visite La Manga FC","29560224"
"02/12/2025","Traspaso","Vini Jr.","Pablinistan FC","Visite La Manga FC","234063387"
"02/12/2025","Traspaso","Mbappé","Visite La Manga FC","Alcatamy eSports By","264000000"
"02/12/2025","Traspaso","De Frutos","Alcatamy eSports By","LALIGA","49984702"
"02/12/2025","Traspaso","Héctor Fort","Pablinistan FC","LALIGA","1031472"
"02/12/2025","Recompensa","Morenazos FC","","","4000000"
"02/12/2025","Recompensa","Visite La Manga FC","","","9400000"
"02/12/2025","Recompensa","GOLENCIERRO FC","","","8400000"
"02/12/2025","Recompensa","Pablinistan FC","","","6000000"
"02/12/2025","Recompensa","Vigar FC","","","8900000"
"02/12/2025","Recompensa","Alcatamy eSports By","","","6900000"
"02/12/2025","Traspaso","Huijsen","Vigar FC","LALIGA","62632414"
"01/12/2025","Traspaso","Denis Suárez","LALIGA","Visite La Manga FC","631983"
"01/12/2025","Traspaso","Budimir","LALIGA","Visite La Manga FC","16437993"
"01/12/2025","Traspaso","Rashford","Alcatamy eSports By","LALIGA","96610862"
"30/11/2025","Traspaso","Ounahi","Visite La Manga FC","Pablinistan FC","14426357"
"30/11/2025","Traspaso","Aitor Fdez","GOLENCIERRO FC","LALIGA","589731"
"30/11/2025","Traspaso","B. Iglesias","LALIGA","Morenazos FC","18684944"
"30/11/2025","Traspaso","Cabrera","LALIGA","Visite La Manga FC","9451994"
"30/11/2025","Traspaso","Á. Valles","LALIGA","Pablinistan FC","3859409"
"30/11/2025","Traspaso","Renato Veiga","Vigar FC","LALIGA","23375171"
"30/11/2025","Traspaso","A. Moleiro","Alcatamy eSports By","Pablinistan FC","82561476"
"30/11/2025","Traspaso","Brais Méndez","Visite La Manga FC","Pablinistan FC","24907972"
"29/11/2025","Traspaso","Maffeo","Pablinistan FC","LALIGA","2996202"
"29/11/2025","Traspaso","Iñaki Peña","Pablinistan FC","LALIGA","1973601"
"29/11/2025","Traspaso","Akor","GOLENCIERRO FC","LALIGA","1131930"
"29/11/2025","Traspaso","Dela","Pablinistan FC","LALIGA","597516"
"29/11/2025","Traspaso","Oyarzabal","Alcatamy eSports By","LALIGA","66057048"
"29/11/2025","Traspaso","Huijsen","LALIGA","Vigar FC","59122453"
"29/11/2025","Traspaso","A. Liso","LALIGA","GOLENCIERRO FC","6766670"
"29/11/2025","Traspaso","Griezmann","LALIGA","Morenazos FC","25455081"
"29/11/2025","Traspaso","Koke","LALIGA","Vigar FC","11848900"
"29/11/2025","Traspaso","David Soria","LALIGA","GOLENCIERRO FC","13561809"
"29/11/2025","Traspaso","Barrenetxea","LALIGA","Alcatamy eSports By","55550000"
"29/11/2025","Traspaso","Rondón","Pablinistan FC","LALIGA","631604"
"28/11/2025","Traspaso","Cayetano","Vigar FC","LALIGA","516423"
"28/11/2025","Traspaso","Álex Baena","Pablinistan FC","Alcatamy eSports By","80000000"
"28/11/2025","Traspaso","Trent","LALIGA","Pablinistan FC","21040452"
"28/11/2025","Traspaso","Jon Martin","LALIGA","Pablinistan FC","1200448"
"28/11/2025","Traspaso","Dolan","LALIGA","Pablinistan FC","5000110"
"28/11/2025","Traspaso","Arambarri","LALIGA","Vigar FC","16800004"
"27/11/2025","Traspaso","Suazo","Alcatamy eSports By","LALIGA","6181156"
"27/11/2025","Traspaso","Witsel","GOLENCIERRO FC","LALIGA","4370970"
"27/11/2025","Traspaso","David Carmo","GOLENCIERRO FC","LALIGA","1927451"
"27/11/2025","Traspaso","Fermín","Alcatamy eSports By","LALIGA","95223490"
"27/11/2025","Traspaso","Raíllo","LALIGA","GOLENCIERRO FC","6509818"
"26/11/2025","Traspaso","Lunin","LALIGA","Vigar FC","1000002"
"26/11/2025","Traspaso","A. Pedraza","Pablinistan FC","Vigar FC","1624797"
"26/11/2025","Traspaso","Rubén García","GOLENCIERRO FC","LALIGA","5691383"
"26/11/2025","Traspaso","C. Alvarez","GOLENCIERRO FC","LALIGA","11951186"
"26/11/2025","Traspaso","Gorrotxa","GOLENCIERRO FC","Pablinistan FC","3000000"
"26/11/2025","Traspaso","Raphinha","Morenazos FC","Pablinistan FC","190031541"
"26/11/2025","Traspaso","Gerard","LALIGA","Alcatamy eSports By","35323221"
"26/11/2025","Traspaso","Héctor Fort","LALIGA","Pablinistan FC","971937"
"26/11/2025","Traspaso","Danjuma","LALIGA","GOLENCIERRO FC","34000000"
"26/11/2025","Traspaso","Gazzaniga","LALIGA","GOLENCIERRO FC","5000001"
"26/11/2025","Traspaso","André Silva","LALIGA","GOLENCIERRO FC","9233466"
"26/11/2025","Traspaso","Á. Carreras","Alcatamy eSports By","LALIGA","90103547"
"26/11/2025","Traspaso","Dmitrovic","GOLENCIERRO FC","Visite La Manga FC","19300491"
"26/11/2025","Traspaso","Óscar Valentín","GOLENCIERRO FC","Visite La Manga FC","1100000"
"26/11/2025","Blindaje","L. Milla","","","0"
"25/11/2025","Traspaso","Fornals","Vigar FC","LALIGA","78873857"
"25/11/2025","Blindaje","Vini Jr.","","","0"
"25/11/2025","Blindaje","Álex Baena","","","0"
"25/11/2025","Blindaje","Mbappé","","","0"
"25/11/2025","Blindaje","Arda Güler","","","0"
"25/11/2025","Blindaje","Julián Alvarez","","","0"
"25/11/2025","Traspaso","Isco","Pablinistan FC","Vigar FC","81245098"
"25/11/2025","Blindaje","Bellingham","","","0"
"25/11/2025","Traspaso","Renato Veiga","LALIGA","Vigar FC","21852400"
"25/11/2025","Traspaso","Marcos Llorente","Vigar FC","LALIGA","81572262"
"25/11/2025","Traspaso","Danjuma","Vigar FC","LALIGA","32750912"
"25/11/2025","Traspaso","J. M. Giménez","GOLENCIERRO FC","Vigar FC","26657111"
"25/11/2025","Traspaso","Agirrezabala","Visite La Manga FC","Pablinistan FC","18903850"
"25/11/2025","Traspaso","Júnior R.","Pablinistan FC","LALIGA","30981920"
"25/11/2025","Recompensa","Visite La Manga FC","","","7100000"
"25/11/2025","Recompensa","Pablinistan FC","","","7300000"
"25/11/2025","Recompensa","GOLENCIERRO FC","","","8700000"
"25/11/2025","Recompensa","Alcatamy eSports By","","","8800000"
"25/11/2025","Recompensa","Morenazos FC","","","5500000"
"25/11/2025","Recompensa","Alcatamy eSports By","","","100000"
"25/11/2025","Recompensa","Vigar FC","","","100000"
"25/11/2025","Recompensa","GOLENCIERRO FC","","","100000"
"24/11/2025","Recompensa","Vigar FC","","","8600000"
"24/11/2025","Traspaso","Álvaro","LALIGA","Visite La Manga FC","2569941"
"24/11/2025","Traspaso","Ayoze","LALIGA","GOLENCIERRO FC","18000000"
"24/11/2025","Traspaso","Lewandowski","Pablinistan FC","Vigar FC","81516062"
"23/11/2025","Traspaso","Gayá","LALIGA","Alcatamy eSports By","2753766"
"23/11/2025","Traspaso","Lo Celso","Vigar FC","LALIGA","57965083"
"22/11/2025","Traspaso","Giuliano","Vigar FC","LALIGA","79473897"
"22/11/2025","Traspaso","De Frutos","LALIGA","Alcatamy eSports By","45920096"
"22/11/2025","Traspaso","V. Chust","LALIGA","GOLENCIERRO FC","1000000"
"20/11/2025","Traspaso","Giuliano","LALIGA","Vigar FC","76000001"
"19/11/2025","Blindaje","L. Milla","","","0"
"19/11/2025","Blindaje","Marcos Llorente","","","0"
"19/11/2025","Traspaso","Mestre","Alcatamy eSports By","LALIGA","515461"
"19/11/2025","Traspaso","Comesaña","GOLENCIERRO FC","Alcatamy eSports By","13257566"
"19/11/2025","Traspaso","Riedel","Alcatamy eSports By","LALIGA","3258835"
"19/11/2025","Traspaso","Lo Celso","LALIGA","Vigar FC","53450000"
"19/11/2025","Traspaso","Montero","LALIGA","Alcatamy eSports By","519048"
"19/11/2025","Traspaso","E. Militão","Vigar FC","LALIGA","68409423"
"18/11/2025","Blindaje","Álex Baena","","","0"
"18/11/2025","Blindaje","Isco","","","0"
"18/11/2025","Blindaje","Edu Expósito","","","0"
"18/11/2025","Blindaje","Julián Alvarez","","","0"
"18/11/2025","Traspaso","Fermín","Vigar FC","Alcatamy eSports By","73548197"
"18/11/2025","Traspaso","Giuliano","Alcatamy eSports By","LALIGA","75515680"
"18/11/2025","Traspaso","Bartra","LALIGA","Morenazos FC","29200000"
"18/11/2025","Traspaso","Camavinga","Alcatamy eSports By","LALIGA","11339379"
"17/11/2025","Traspaso","Witsel","LALIGA","GOLENCIERRO FC","4366094"
"17/11/2025","Traspaso","Asencio","LALIGA","Alcatamy eSports By","3582439"
"17/11/2025","Traspaso","Oyarzabal","LALIGA","Alcatamy eSports By","66432121"
"16/11/2025","Traspaso","F. Calero","LALIGA","GOLENCIERRO FC","1112770"
"16/11/2025","Traspaso","Brahim","LALIGA","Morenazos FC","6013622"
"16/11/2025","Traspaso","Álvaro Nuñez","GOLENCIERRO FC","Morenazos FC","14024506"
"16/11/2025","Traspaso","Vargas","Alcatamy eSports By","Visite La Manga FC","53315077"
"16/11/2025","Traspaso","Amrabat","Alcatamy eSports By","Pablinistan FC","8208950"
"16/11/2025","Traspaso","Muriqi","Morenazos FC","Visite La Manga FC","20924810"
"16/11/2025","Traspaso","Ounahi","Pablinistan FC","Visite La Manga FC","14426357"
"16/11/2025","Traspaso","Brais Méndez","GOLENCIERRO FC","Visite La Manga FC","17770814"
"16/11/2025","Traspaso","A. Moleiro","Visite La Manga FC","Alcatamy eSports By","44479882"
"16/11/2025","Traspaso","Maffeo","Visite La Manga FC","Pablinistan FC","3050000"
"15/11/2025","Traspaso","Courtois","LALIGA","Vigar FC","50000000"
"15/11/2025","Traspaso","Aitor Fdez","LALIGA","GOLENCIERRO FC","534520"
"15/11/2025","Traspaso","E. Militão","LALIGA","Vigar FC","68933201"
"15/11/2025","Traspaso","A. Moleiro","Alcatamy eSports By","Visite La Manga FC","42853073"
"15/11/2025","Traspaso","Germán","Pablinistan FC","LALIGA","542406"
"14/11/2025","Traspaso","Fornals","Pablinistan FC","Vigar FC","81000421"
"14/11/2025","Traspaso","Lejeune","Pablinistan FC","Vigar FC","24300100"
"13/11/2025","Traspaso","Szczesny","GOLENCIERRO FC","LALIGA","5709351"
"13/11/2025","Traspaso","Germán","LALIGA","Pablinistan FC","510078"
"12/11/2025","Traspaso","Mikautadze","GOLENCIERRO FC","LALIGA","26424472"
"12/11/2025","Blindaje","Mbappé","","","0"
"12/11/2025","Traspaso","Á. Carreras","Vigar FC","Alcatamy eSports By","74713885"
"12/11/2025","Traspaso","Vivian","Alcatamy eSports By","LALIGA","31797584"
"12/11/2025","Traspaso","Pepe","LALIGA","GOLENCIERRO FC","82050000"
"11/11/2025","Traspaso","Pere Milla","GOLENCIERRO FC","LALIGA","17825029"
"11/11/2025","Traspaso","Rafa Mir","GOLENCIERRO FC","LALIGA","16452722"
"11/11/2025","Traspaso","Isi","GOLENCIERRO FC","LALIGA","20414219"
"11/11/2025","Traspaso","Júnior R.","Vigar FC","Pablinistan FC","29734312"
"11/11/2025","Traspaso","F. De Jong","Pablinistan FC","LALIGA","62898311"
"11/11/2025","Traspaso","Vargas","Visite La Manga FC","Alcatamy eSports By","53315077"
"11/11/2025","Traspaso","M. Casadó","Vigar FC","LALIGA","4775091"
"11/11/2025","Traspaso","Álex Balde","Vigar FC","LALIGA","38347859"
"10/11/2025","Traspaso","Lewandowski","LALIGA","Pablinistan FC","76000852"
"10/11/2025","Traspaso","David Carmo","LALIGA","GOLENCIERRO FC","1564438"
"10/11/2025","Traspaso","Huijsen","Alcatamy eSports By","LALIGA","72176377"
"10/11/2025","Traspaso","E. Militão","Pablinistan FC","LALIGA","73257423"
"10/11/2025","Traspaso","A. Pedraza","GOLENCIERRO FC","Pablinistan FC","1000001"
"10/11/2025","Traspaso","Sergio Gómez","Pablinistan FC","LALIGA","10352649"
"10/11/2025","Traspaso","Arnau Tenas","Pablinistan FC","LALIGA","998803"
"10/11/2025","Recompensa","GOLENCIERRO FC","","","6500000"
"10/11/2025","Recompensa","Vigar FC","","","10500000"
"10/11/2025","Recompensa","Pablinistan FC","","","6200000"
"10/11/2025","Recompensa","Visite La Manga FC","","","100000"
"10/11/2025","Recompensa","Visite La Manga FC","","","6400000"
"10/11/2025","Recompensa","Alcatamy eSports By","","","100000"
"10/11/2025","Recompensa","Morenazos FC","","","5600000"
"10/11/2025","Recompensa","Alcatamy eSports By","","","9000000"
"09/11/2025","Traspaso","Rashford","Vigar FC","Alcatamy eSports By","103557466"
"09/11/2025","Traspaso","Valverde","Alcatamy eSports By","LALIGA","91055832"
"09/11/2025","Traspaso","Carmona","Vigar FC","LALIGA","14719049"
"09/11/2025","Traspaso","C. Alvarez","LALIGA","GOLENCIERRO FC","11500000"
"09/11/2025","Traspaso","El Hilali","LALIGA","Visite La Manga FC","3528955"
"09/11/2025","Traspaso","Mouriño","Alcatamy eSports By","LALIGA","27578819"
"08/11/2025","Traspaso","André Silva","Vigar FC","LALIGA","12794789"
"08/11/2025","Blindaje","Vargas","","","0"
"07/11/2025","Blindaje","Rashford","","","0"
"07/11/2025","Traspaso","Bryan Gil","Morenazos FC","LALIGA","3077548"
"07/11/2025","Traspaso","Mikautadze","LALIGA","GOLENCIERRO FC","30000000"
"07/11/2025","Traspaso","Becker","LALIGA","Visite La Manga FC","803667"
"07/11/2025","Traspaso","R. Araujo","LALIGA","GOLENCIERRO FC","20000000"
"07/11/2025","Traspaso","Carlos V.","LALIGA","Morenazos FC","24731754"
"07/11/2025","Traspaso","Pathé I. Ciss","LALIGA","Morenazos FC","10748890"
"07/11/2025","Traspaso","Papa","LALIGA","Visite La Manga FC","484519"
"07/11/2025","Traspaso","Natan","Alcatamy eSports By","LALIGA","39874195"
"06/11/2025","Blindaje","Sergio Herrera","","","0"
"06/11/2025","Traspaso","Rubén García","Visite La Manga FC","GOLENCIERRO FC","4567395"
"06/11/2025","Traspaso","Szczesny","Alcatamy eSports By","GOLENCIERRO FC","6260601"
"06/11/2025","Blindaje","André Silva","","","0"
"06/11/2025","Traspaso","Cucho","GOLENCIERRO FC","Vigar FC","50285039"
"06/11/2025","Traspaso","Affengruber","GOLENCIERRO FC","LALIGA","31824627"
"06/11/2025","Traspaso","Leo Román","GOLENCIERRO FC","LALIGA","5814044"
"06/11/2025","Traspaso","Chavarría","LALIGA","GOLENCIERRO FC","7636822"
"06/11/2025","Traspaso","Samu Costa","LALIGA","GOLENCIERRO FC","3000001"
"06/11/2025","Traspaso","Giuliano","LALIGA","Alcatamy eSports By","73670212"
"06/11/2025","Blindaje","Aarón","","","0"
"06/11/2025","Blindaje","Ounahi","","","0"
"06/11/2025","Blindaje","Lejeune","","","0"
"06/11/2025","Traspaso","Camavinga","GOLENCIERRO FC","Alcatamy eSports By","12000000"
"06/11/2025","Traspaso","Cabrera","Vigar FC","LALIGA","11718099"
"05/11/2025","Traspaso","Sow","Vigar FC","LALIGA","916020"
"05/11/2025","Traspaso","Catena","Vigar FC","LALIGA","50816215"
"05/11/2025","Traspaso","Jauregizar","GOLENCIERRO FC","LALIGA","29246606"
"05/11/2025","Traspaso","Comesaña","LALIGA","GOLENCIERRO FC","8000000"
"05/11/2025","Traspaso","Rafa Mir","LALIGA","GOLENCIERRO FC","17005000"
"05/11/2025","Traspaso","Isi","LALIGA","GOLENCIERRO FC","26000000"
"04/11/2025","Blindaje","Danjuma","","","0"
"04/11/2025","Blindaje","Edu Expósito","","","0"
"04/11/2025","Traspaso","Renato Veiga","Alcatamy eSports By","LALIGA","13582105"
"04/11/2025","Traspaso","Foyth","LALIGA","Alcatamy eSports By","18952922"
"04/11/2025","Traspaso","Fermín","LALIGA","Vigar FC","57400001"
"04/11/2025","Traspaso","M. Casadó","LALIGA","Vigar FC","4400046"
"04/11/2025","Traspaso","Álex Balde","LALIGA","Vigar FC","37401440"
"04/11/2025","Recompensa","Pablinistan FC","","","5700000"
"04/11/2025","Recompensa","GOLENCIERRO FC","","","7800000"
"04/11/2025","Recompensa","Alcatamy eSports By","","","11400000"
"04/11/2025","Recompensa","Vigar FC","","","11400000"
"04/11/2025","Recompensa","Visite La Manga FC","","","6600000"
"04/11/2025","Recompensa","Morenazos FC","","","7100000"
"04/11/2025","Recompensa","Alcatamy eSports By","","","100000"
"04/11/2025","Recompensa","Pablinistan FC","","","100000"
"04/11/2025","Recompensa","Vigar FC","","","200000"
"03/11/2025","Recompensa","Visite La Manga FC","","","100000"
"03/11/2025","Traspaso","Kike Salas","Vigar FC","LALIGA","2315148"
"03/11/2025","Traspaso","Huijsen","LALIGA","Alcatamy eSports By","70115149"
"03/11/2025","Traspaso","Álex Baena","Alcatamy eSports By","Pablinistan FC","80000000"
"03/11/2025","Traspaso","Febas","Pablinistan FC","LALIGA","8701463"
"03/11/2025","Traspaso","O. Sancet","Pablinistan FC","LALIGA","33789471"
"03/11/2025","Traspaso","Rodrygo","Pablinistan FC","LALIGA","9411417"
"03/11/2025","Traspaso","De Frutos","Alcatamy eSports By","LALIGA","56348384"
"02/11/2025","Traspaso","Marcao","LALIGA","Pablinistan FC","689998"
"02/11/2025","Traspaso","Vivian","LALIGA","Alcatamy eSports By","32678825"
"01/11/2025","Traspaso","Areso","GOLENCIERRO FC","LALIGA","13570195"
"01/11/2025","Traspaso","Álvaro Nuñez","LALIGA","GOLENCIERRO FC","12000000"
"01/11/2025","Traspaso","Brais Méndez","LALIGA","GOLENCIERRO FC","13000500"
"01/11/2025","Traspaso","A. Moleiro","Pablinistan FC","Alcatamy eSports By","28494328"
"31/10/2025","Traspaso","Manuel Fernández","Pablinistan FC","LALIGA","767707"
"31/10/2025","Traspaso","De Frutos","Vigar FC","Alcatamy eSports By","51129893"
"31/10/2025","Traspaso","E. Militão","Alcatamy eSports By","Pablinistan FC","65909269"
"31/10/2025","Traspaso","Mouriño","LALIGA","Alcatamy eSports By","21750231"
"31/10/2025","Traspaso","Maffeo","LALIGA","Visite La Manga FC","3050000"
"31/10/2025","Traspaso","Isco","LALIGA","Pablinistan FC","13281863"
"31/10/2025","Traspaso","Valverde","LALIGA","Alcatamy eSports By","87532200"
"31/10/2025","Traspaso","Muriqi","LALIGA","Morenazos FC","20924810"
"30/10/2025","Blindaje","Vargas","","","0"
"30/10/2025","Traspaso","Manuel Fernández","Vigar FC","Pablinistan FC","1000001"
"30/10/2025","Blindaje","Juan Iglesias","","","0"
"30/10/2025","Traspaso","Marcos Llorente","Pablinistan FC","Vigar FC","71497163"
"30/10/2025","Traspaso","Krapyvtsov","Alcatamy eSports By","LALIGA","468188"
"30/10/2025","Traspaso","Mestre","LALIGA","Alcatamy eSports By","486011"
"29/10/2025","Traspaso","Á. Carreras","LALIGA","Vigar FC","60814223"
"28/10/2025","Blindaje","Catena","","","0"
"28/10/2025","Blindaje","Ounahi","","","0"
"28/10/2025","Traspaso","Arnau Tenas","Vigar FC","Pablinistan FC","2000000"
"28/10/2025","Traspaso","Agirrezabala","Vigar FC","Visite La Manga FC","18903850"
"28/10/2025","Traspaso","Pathé I. Ciss","Visite La Manga FC","LALIGA","12705780"
"28/10/2025","Blindaje","E. Militão","","","0"
"28/10/2025","Blindaje","Edu Expósito","","","0"
"28/10/2025","Traspaso","L. Milla","Alcatamy eSports By","Vigar FC","76082394"
"28/10/2025","Traspaso","Dmitrovic","Visite La Manga FC","GOLENCIERRO FC","14126944"
"28/10/2025","Blindaje","Lamine Yamal","","","0"
"28/10/2025","Blindaje","Vargas","","","0"
"28/10/2025","Traspaso","Júnior R.","LALIGA","Vigar FC","16510525"
"28/10/2025","Blindaje","A. Moleiro","","","0"
"28/10/2025","Traspaso","Álvaro García","Vigar FC","LALIGA","34125329"
"28/10/2025","Traspaso","Barrios","Vigar FC","LALIGA","60685623"
"28/10/2025","Recompensa","Pablinistan FC","","","8600000"
"28/10/2025","Recompensa","Morenazos FC","","","100000"
"28/10/2025","Recompensa","Alcatamy eSports By","","","100000"
"28/10/2025","Recompensa","Pablinistan FC","","","100000"
"28/10/2025","Recompensa","Morenazos FC","","","3000000"
"28/10/2025","Recompensa","GOLENCIERRO FC","","","6200000"
"28/10/2025","Recompensa","Visite La Manga FC","","","6500000"
"28/10/2025","Recompensa","Vigar FC","","","4700000"
"28/10/2025","Recompensa","Alcatamy eSports By","","","8100000"
"27/10/2025","Traspaso","Laporte","Vigar FC","LALIGA","28001761"
"27/10/2025","Traspaso","Ez Abde","GOLENCIERRO FC","Vigar FC","23901814"
"27/10/2025","Traspaso","Aleñá","LALIGA","Visite La Manga FC","13301663"
"27/10/2025","Traspaso","Pedri","Vigar FC","LALIGA","139455015"
"27/10/2025","Traspaso","Sergio Gómez","GOLENCIERRO FC","Pablinistan FC","8800283"
"26/10/2025","Traspaso","German V.","Pablinistan FC","LALIGA","19758434"
"25/10/2025","Traspaso","Amrabat","LALIGA","Alcatamy eSports By","8039027"
"25/10/2025","Traspaso","Barrios","LALIGA","Vigar FC","59000000"
"25/10/2025","Traspaso","Óscar Valentín","LALIGA","GOLENCIERRO FC","1100000"
"25/10/2025","Blindaje","Dmitrovic","","","0"
"25/10/2025","Traspaso","F. De Jong","Vigar FC","Pablinistan FC","59710854"
"25/10/2025","Traspaso","Fornals","Alcatamy eSports By","Pablinistan FC","71227521"
"25/10/2025","Traspaso","Rafa Marín","Pablinistan FC","LALIGA","40255776"
"24/10/2025","Traspaso","Bellingham","Pablinistan FC","Vigar FC","91043167"
"24/10/2025","Traspaso","Eric","Alcatamy eSports By","LALIGA","44280826"
"24/10/2025","Traspaso","Ristic","Vigar FC","LALIGA","461405"
"24/10/2025","Traspaso","Sow","LALIGA","Vigar FC","2500011"
"24/10/2025","Traspaso","Natan","LALIGA","Alcatamy eSports By","33947829"
"24/10/2025","Traspaso","A. Rahim","LALIGA","Visite La Manga FC","721477"
"24/10/2025","Traspaso","Rashford","Alcatamy eSports By","Vigar FC","97000000"
"23/10/2025","Traspaso","Pere Milla","Morenazos FC","GOLENCIERRO FC","17611318"
"23/10/2025","Traspaso","Arambarri","GOLENCIERRO FC","LALIGA","15816552"
"23/10/2025","Traspaso","I. Romero","GOLENCIERRO FC","LALIGA","11350782"
"23/10/2025","Traspaso","B. Iglesias","GOLENCIERRO FC","LALIGA","16799479"
"23/10/2025","Traspaso","Julián Alvarez","LALIGA","Alcatamy eSports By","131745458"
"23/10/2025","Traspaso","Barrenetxea","Alcatamy eSports By","LALIGA","52811031"
"23/10/2025","Traspaso","M. Narváez","Visite La Manga FC","LALIGA","602077"
"22/10/2025","Traspaso","Júnior R.","Pablinistan FC","LALIGA","17563342"
"22/10/2025","Blindaje","Edu Expósito","","","0"
"22/10/2025","Traspaso","B. Mayoral","Vigar FC","LALIGA","6721329"
"22/10/2025","Traspaso","A. Pedraza","LALIGA","GOLENCIERRO FC","1000001"
"22/10/2025","Traspaso","O. Sancet","LALIGA","Pablinistan FC","34306837"
"22/10/2025","Traspaso","Álvaro García","Morenazos FC","Vigar FC","26806713"
"22/10/2025","Traspaso","Etta Eyong","Vigar FC","LALIGA","102256908"
"21/10/2025","Blindaje","A. Moleiro","","","0"
"21/10/2025","Blindaje","Rafa Marín","","","0"
"21/10/2025","Traspaso","German V.","Vigar FC","Pablinistan FC","16909285"
"21/10/2025","Blindaje","Fornals","","","0"
"21/10/2025","Blindaje","F. De Jong","","","0"
"21/10/2025","Blindaje","Pedri","","","0"
"21/10/2025","Traspaso","Yuri","Vigar FC","LALIGA","16443351"
"21/10/2025","Blindaje","Lamine Yamal","","","0"
"21/10/2025","Traspaso","Alexis Sánchez","GOLENCIERRO FC","LALIGA","8028088"
"21/10/2025","Traspaso","Rubén García","LALIGA","Visite La Manga FC","3770765"
"21/10/2025","Traspaso","Gorrotxa","LALIGA","GOLENCIERRO FC","3000000"
"21/10/2025","Traspaso","Renato Veiga","LALIGA","Alcatamy eSports By","13752321"
"21/10/2025","Blindaje","Leo Román","","","0"
"21/10/2025","Blindaje","Tárrega","","","0"
"21/10/2025","Traspaso","Pepe","Vigar FC","LALIGA","84765731"
"21/10/2025","Recompensa","Alcatamy eSports By","","","8200000"
"21/10/2025","Recompensa","Vigar FC","","","100000"
"21/10/2025","Recompensa","Pablinistan FC","","","200000"
"21/10/2025","Recompensa","Morenazos FC","","","5400000"
"21/10/2025","Recompensa","GOLENCIERRO FC","","","4900000"
"21/10/2025","Recompensa","Visite La Manga FC","","","8700000"
"21/10/2025","Recompensa","Vigar FC","","","9900000"
"21/10/2025","Recompensa","Pablinistan FC","","","8100000"
"20/10/2025","Traspaso","Danjuma","Pablinistan FC","Visite La Manga FC","24889516"
"20/10/2025","Traspaso","Moncayola","Visite La Manga FC","LALIGA","6617703"
"20/10/2025","Traspaso","F. Calero","Pablinistan FC","LALIGA","1859469"
"20/10/2025","Traspaso","C. Alvarez","Alcatamy eSports By","LALIGA","10441480"
"20/10/2025","Traspaso","Camavinga","LALIGA","GOLENCIERRO FC","12000000"
"20/10/2025","Traspaso","Lejeune","LALIGA","Pablinistan FC","19900100"
"19/10/2025","Traspaso","Ratiu","Pablinistan FC","Visite La Manga FC","19910000"
"19/10/2025","Traspaso","Bellerín","Visite La Manga FC","LALIGA","23602827"
"19/10/2025","Traspaso","Rodrygo","Visite La Manga FC","Pablinistan FC","12648275"
"18/10/2025","Traspaso","Carmona","LALIGA","Vigar FC","10664400"
"18/10/2025","Traspaso","Cabrera","LALIGA","Vigar FC","8200011"
"17/10/2025","Traspaso","Juan Carlos","Pablinistan FC","LALIGA","569939"
"17/10/2025","Traspaso","Yuri","LALIGA","Vigar FC","14853917"
"17/10/2025","Traspaso","Arriaga","LALIGA","GOLENCIERRO FC","1200000"
"16/10/2025","Traspaso","De Frutos","LALIGA","Vigar FC","35876699"
"16/10/2025","Traspaso","Hassan","GOLENCIERRO FC","Visite La Manga FC","9705843"
"16/10/2025","Traspaso","Arambarri","Visite La Manga FC","GOLENCIERRO FC","16752642"
"16/10/2025","Traspaso","Pathé I. Ciss","GOLENCIERRO FC","Visite La Manga FC","14518023"
"16/10/2025","Traspaso","Blanco","Visite La Manga FC","Morenazos FC","7389292"
"16/10/2025","Traspaso","Iñaki Peña","GOLENCIERRO FC","Pablinistan FC","7585002"
"16/10/2025","Traspaso","Marcos Llorente","Vigar FC","Pablinistan FC","51688096"
"16/10/2025","Blindaje","Catena","","","0"
"16/10/2025","Traspaso","C. Alvarez","Morenazos FC","Alcatamy eSports By","8089164"
"16/10/2025","Traspaso","Raúl","GOLENCIERRO FC","LALIGA","932709"
"16/10/2025","Traspaso","P. Martínez","GOLENCIERRO FC","LALIGA","1308020"
"16/10/2025","Traspaso","J. M. Giménez","LALIGA","GOLENCIERRO FC","1759951"
"16/10/2025","Traspaso","Ferrer","LALIGA","Visite La Manga FC","472188"
"15/10/2025","Blindaje","Ratiu","","","0"
"15/10/2025","Traspaso","Febas","Visite La Manga FC","Pablinistan FC","5971877"
"14/10/2025","Blindaje","Vargas","","","0"
"14/10/2025","Traspaso","Valjent","GOLENCIERRO FC","LALIGA","6281369"
"13/10/2025","Traspaso","Juanlu","LALIGA","GOLENCIERRO FC","2252718"
"13/10/2025","Traspaso","Witsel","GOLENCIERRO FC","LALIGA","3826846"
"13/10/2025","Traspaso","Dani Olmo","Pablinistan FC","LALIGA","46222282"
"13/10/2025","Traspaso","Juan Carlos","LALIGA","Pablinistan FC","600010"
"13/10/2025","Traspaso","Pepe","Alcatamy eSports By","Vigar FC","84022101"
"12/10/2025","Traspaso","Dela","Morenazos FC","Pablinistan FC","1178381"
"11/10/2025","Traspaso","De Frutos","GOLENCIERRO FC","LALIGA","36232096"
"11/10/2025","Traspaso","Laporte","Pablinistan FC","Vigar FC","27202250"
"11/10/2025","Traspaso","Jauregizar","LALIGA","GOLENCIERRO FC","21467087"
"11/10/2025","Traspaso","Witsel","LALIGA","GOLENCIERRO FC","3808838"
"11/10/2025","Traspaso","P. Martínez","LALIGA","GOLENCIERRO FC","1539896"
"11/10/2025","Traspaso","I. Romero","LALIGA","GOLENCIERRO FC","11500000"
"10/10/2025","Traspaso","Arnau Tenas","LALIGA","Vigar FC","2000000"
"10/10/2025","Traspaso","Ez Abde","Alcatamy eSports By","GOLENCIERRO FC","16721064"
"10/10/2025","Traspaso","Rondón","LALIGA","Pablinistan FC","826027"
"10/10/2025","Traspaso","Álex Baena","LALIGA","Alcatamy eSports By","60000000"
"10/10/2025","Traspaso","Bellingham","Vigar FC","Pablinistan FC","83285315"
"10/10/2025","Traspaso","Etta Eyong","Pablinistan FC","Vigar FC","84358365"
"09/10/2025","Traspaso","Lewandowski","Vigar FC","LALIGA","68028446"
"09/10/2025","Traspaso","Griezmann","GOLENCIERRO FC","LALIGA","21663361"
"09/10/2025","Traspaso","Kounde","Morenazos FC","LALIGA","54463424"
"08/10/2025","Traspaso","Raíllo","Alcatamy eSports By","LALIGA","10927407"
"08/10/2025","Traspaso","Álvaro García","LALIGA","Morenazos FC","25321241"
"07/10/2025","Blindaje","Etta Eyong","","","0"
"07/10/2025","Blindaje","Dmitrovic","","","0"
"07/10/2025","Blindaje","Arda Güler","","","0"
"07/10/2025","Traspaso","Barrenetxea","LALIGA","Alcatamy eSports By","39125321"
"07/10/2025","Traspaso","Ferran","Vigar FC","LALIGA","73855622"
"07/10/2025","Blindaje","Aarón","","","0"
"07/10/2025","Traspaso","Rafa Marín","Vigar FC","Pablinistan FC","36638995"
"06/10/2025","Traspaso","Álvaro Nuñez","Pablinistan FC","LALIGA","9369371"
"06/10/2025","Traspaso","Kounde","LALIGA","Morenazos FC","52004308"
"06/10/2025","Traspaso","Ilaix Moriba","LALIGA","Morenazos FC","8100000"
"06/10/2025","Traspaso","Riedel","LALIGA","Alcatamy eSports By","1962198"
"06/10/2025","Traspaso","Lewandowski","LALIGA","Vigar FC","81288800"
"06/10/2025","Recompensa","Morenazos FC","","","100000"
"06/10/2025","Recompensa","Visite La Manga FC","","","100000"
"06/10/2025","Recompensa","Vigar FC","","","100000"
"06/10/2025","Recompensa","Pablinistan FC","","","200000"
"06/10/2025","Recompensa","Morenazos FC","","","4200000"
"06/10/2025","Recompensa","Visite La Manga FC","","","6600000"
"06/10/2025","Recompensa","Vigar FC","","","6100000"
"06/10/2025","Recompensa","GOLENCIERRO FC","","","5700000"
"06/10/2025","Recompensa","Alcatamy eSports By","","","6400000"
"06/10/2025","Recompensa","Pablinistan FC","","","9700000"
"05/10/2025","Traspaso","Cayetano","Pablinistan FC","LALIGA","363836"
"05/10/2025","Traspaso","Bellerín","LALIGA","Visite La Manga FC","15854906"
"05/10/2025","Traspaso","German V.","LALIGA","Vigar FC","12219601"
"05/10/2025","Blindaje","Cucho","","","0"
"05/10/2025","Traspaso","Cardona","Vigar FC","LALIGA","35984503"
"05/10/2025","Traspaso","Alexis Sánchez","Alcatamy eSports By","GOLENCIERRO FC","4805015"
"04/10/2025","Traspaso","Mouriño","Alcatamy eSports By","LALIGA","31340701"
"04/10/2025","Traspaso","Moncayola","Morenazos FC","Visite La Manga FC","6177938"
"04/10/2025","Traspaso","Fornals","Pablinistan FC","Alcatamy eSports By","41299905"
"04/10/2025","Traspaso","Rafa Mir","Alcatamy eSports By","LALIGA","20919179"
"04/10/2025","Traspaso","Boyomo","Alcatamy eSports By","LALIGA","23449730"
"04/10/2025","Traspaso","Danjuma","LALIGA","Pablinistan FC","15300050"
"04/10/2025","Traspaso","Víctor Muñoz","Pablinistan FC","GOLENCIERRO FC","9387902"
"04/10/2025","Traspaso","Unai Lopez","Vigar FC","LALIGA","2581630"
"03/10/2025","Traspaso","Azpilicueta","LALIGA","Visite La Manga FC","5309642"
"03/10/2025","Traspaso","Szczesny","LALIGA","Alcatamy eSports By","6195323"
"03/10/2025","Traspaso","Rodrygo","LALIGA","Visite La Manga FC","12648275"
"02/10/2025","Traspaso","Dendoncker","GOLENCIERRO FC","LALIGA","5513228"
"02/10/2025","Blindaje","Ferran","","","0"
"02/10/2025","Traspaso","Marcos Llorente","Visite La Manga FC","Vigar FC","39962224"
"02/10/2025","Traspaso","Javi Guerra","Vigar FC","LALIGA","23998312"
"02/10/2025","Blindaje","Sergio Herrera","","","0"
"02/10/2025","Traspaso","C. Alvarez","Alcatamy eSports By","Morenazos FC","7006164"
"02/10/2025","Traspaso","Catena","Morenazos FC","Vigar FC","27818676"
"02/10/2025","Traspaso","F. De Jong","LALIGA","Vigar FC","54710854"
"02/10/2025","Traspaso","C. Romero","LALIGA","Morenazos FC","14000000"
"02/10/2025","Traspaso","Juan Iglesias","LALIGA","Vigar FC","3200000"
"02/10/2025","Traspaso","B. Mayoral","LALIGA","Vigar FC","5200000"
"02/10/2025","Traspaso","André Silva","Pablinistan FC","Vigar FC","7963155"
"02/10/2025","Traspaso","Lo Celso","Vigar FC","LALIGA","79363877"
"01/10/2025","Blindaje","Cucho","","","0"
"01/10/2025","Traspaso","R. Mendoza","Vigar FC","LALIGA","5037089"
"01/10/2025","Blindaje","Rafa Mir","","","0"
"01/10/2025","Traspaso","Antony","Alcatamy eSports By","LALIGA","92653016"
"01/10/2025","Traspaso","L. Milla","LALIGA","Alcatamy eSports By","51235021"
"01/10/2025","Traspaso","Rashford","LALIGA","Alcatamy eSports By","57265321"
"01/10/2025","Blindaje","Júnior R.","","","0"
"01/10/2025","Traspaso","Vargas","Vigar FC","Visite La Manga FC","27987227"
"01/10/2025","Blindaje","Agirrezabala","","","0"
"01/10/2025","Recompensa","Alcatamy eSports By","","","100000"
"01/10/2025","Recompensa","GOLENCIERRO FC","","","100000"
"01/10/2025","Recompensa","Morenazos FC","","","5600000"
"01/10/2025","Recompensa","Visite La Manga FC","","","6300000"
"01/10/2025","Recompensa","Vigar FC","","","5100000"
"01/10/2025","Recompensa","Alcatamy eSports By","","","9100000"
"01/10/2025","Recompensa","GOLENCIERRO FC","","","7400000"
"01/10/2025","Recompensa","Pablinistan FC","","","8500000"
"30/09/2025","Traspaso","Pathé I. Ciss","Morenazos FC","GOLENCIERRO FC","8158533"
"30/09/2025","Traspaso","Hassan","Visite La Manga FC","GOLENCIERRO FC","3987843"
"30/09/2025","Traspaso","Dendoncker","Morenazos FC","GOLENCIERRO FC","6377160"
"30/09/2025","Traspaso","De Frutos","Alcatamy eSports By","GOLENCIERRO FC","30477321"
"30/09/2025","Traspaso","Budimir","GOLENCIERRO FC","LALIGA","39112956"
"30/09/2025","Blindaje","Dmitrovic","","","0"
"30/09/2025","Traspaso","Altimira","Visite La Manga FC","LALIGA","16001843"
"30/09/2025","Traspaso","Febas","GOLENCIERRO FC","Visite La Manga FC","3062130"
"30/09/2025","Traspaso","Arambarri","GOLENCIERRO FC","Visite La Manga FC","15406158"
"30/09/2025","Blindaje","Aarón","","","0"
"30/09/2025","Traspaso","Bryan Gil","LALIGA","Morenazos FC","8711629"
"30/09/2025","Traspaso","Ruggeri","LALIGA","Morenazos FC","9715641"
"29/09/2025","Traspaso","Tchouaméni","Morenazos FC","LALIGA","58254359"
"29/09/2025","Traspaso","Alex Moreno","LALIGA","GOLENCIERRO FC","5000000"
"29/09/2025","Traspaso","Antony","LALIGA","Alcatamy eSports By","88892996"
"29/09/2025","Traspaso","E. Militão","LALIGA","Alcatamy eSports By","51909269"
"28/09/2025","Traspaso","Griezmann","LALIGA","GOLENCIERRO FC","24000001"
"28/09/2025","Traspaso","Budimir","LALIGA","GOLENCIERRO FC","39000001"
"28/09/2025","Traspaso","Valjent","LALIGA","GOLENCIERRO FC","8000001"
"28/09/2025","Blindaje","De Frutos","","","0"
"28/09/2025","Traspaso","Tárrega","GOLENCIERRO FC","Visite La Manga FC","17981045"
"28/09/2025","Traspaso","Carvajal","Visite La Manga FC","LALIGA","32721801"
"28/09/2025","Blindaje","Dmitrovic","","","0"
"28/09/2025","Traspaso","F. Garcés","GOLENCIERRO FC","LALIGA","6438843"
"28/09/2025","Traspaso","Berenguer","GOLENCIERRO FC","LALIGA","34444800"
"27/09/2025","Traspaso","Laporte","LALIGA","Pablinistan FC","27202250"
"27/09/2025","Traspaso","Bryan","LALIGA","Morenazos FC","11993467"
"27/09/2025","Traspaso","Tchouaméni","LALIGA","Morenazos FC","59319300"
"27/09/2025","Traspaso","El Hilali","LALIGA","Visite La Manga FC","5500000"
"27/09/2025","Traspaso","Iñigo Perez","LALIGA","GOLENCIERRO FC","1042282"
"27/09/2025","Traspaso","Nico Gonzalez","Alcatamy eSports By","LALIGA","28193185"
"27/09/2025","Traspaso","A. J. Morales","Visite La Manga FC","LALIGA","3231557"
"27/09/2025","Traspaso","José Bordalás","Visite La Manga FC","LALIGA","809938"
"26/09/2025","Traspaso","I. Romero","GOLENCIERRO FC","LALIGA","4664737"
"26/09/2025","Traspaso","German V.","GOLENCIERRO FC","LALIGA","10909682"
"26/09/2025","Traspaso","Iago Aspas","Pablinistan FC","LALIGA","16921691"
"26/09/2025","Traspaso","A. Batalla","Visite La Manga FC","LALIGA","12103526"
"26/09/2025","Traspaso","Pepe","LALIGA","Alcatamy eSports By","73860899"
"26/09/2025","Traspaso","Unai Lopez","LALIGA","Vigar FC","3000000"
"26/09/2025","Traspaso","Raíllo","LALIGA","Alcatamy eSports By","10791168"
"26/09/2025","Traspaso","Bellingham","LALIGA","Vigar FC","80000001"
"26/09/2025","Traspaso","Pere Milla","LALIGA","Morenazos FC","9785241"
"26/09/2025","Traspaso","Dani Calvo","Pablinistan FC","LALIGA","1551485"
"26/09/2025","Traspaso","A. Fortuño","Visite La Manga FC","LALIGA","498917"
"26/09/2025","Traspaso","Buchanan","Vigar FC","LALIGA","35262101"
"26/09/2025","Recompensa","Morenazos FC","","","100000"
"26/09/2025","Recompensa","Alcatamy eSports By","","","200000"
"26/09/2025","Recompensa","Pablinistan FC","","","300000"
"26/09/2025","Recompensa","GOLENCIERRO FC","","","100000"
"26/09/2025","Recompensa","Morenazos FC","","","7300000"
"26/09/2025","Recompensa","Visite La Manga FC","","","4400000"
"26/09/2025","Recompensa","Alcatamy eSports By","","","7900000"
"26/09/2025","Recompensa","Vigar FC","","","6000000"
"26/09/2025","Recompensa","Pablinistan FC","","","8100000"
"26/09/2025","Recompensa","GOLENCIERRO FC","","","5300000"
"25/09/2025","Traspaso","Blanco","LALIGA","Visite La Manga FC","7389292"
"25/09/2025","Traspaso","Álvaro Nuñez","Vigar FC","Pablinistan FC","6236377"
"25/09/2025","Traspaso","Eric","Pablinistan FC","Alcatamy eSports By","28086288"
"25/09/2025","Traspaso","Dani Calvo","Morenazos FC","Pablinistan FC","1411596"
"25/09/2025","Traspaso","Gudelj","Pablinistan FC","LALIGA","3340101"
"24/09/2025","Blindaje","Tárrega","","","0"
"24/09/2025","Traspaso","Lamine Yamal","Alcatamy eSports By","GOLENCIERRO FC","200024667"
"24/09/2025","Traspaso","Comesaña","GOLENCIERRO FC","LALIGA","5559993"
"24/09/2025","Traspaso","Raphinha","GOLENCIERRO FC","Morenazos FC","190031541"
"24/09/2025","Blindaje","Agirrezabala","","","0"
"24/09/2025","Blindaje","Marcos Llorente","","","0"
"24/09/2025","Blindaje","Vini Jr.","","","0"
"24/09/2025","Traspaso","Mbappé","Morenazos FC","Visite La Manga FC","220000000"
"24/09/2025","Traspaso","Gueye","Visite La Manga FC","LALIGA","33795754"
"24/09/2025","Traspaso","Tenaglia","Visite La Manga FC","LALIGA","17378916"
"24/09/2025","Traspaso","E. Militão","Visite La Manga FC","LALIGA","52745980"
"24/09/2025","Traspaso","Pedri","LALIGA","Vigar FC","117691298"
"24/09/2025","Traspaso","Dani Olmo","LALIGA","Pablinistan FC","52646460"
"24/09/2025","Traspaso","Cayetano","LALIGA","Pablinistan FC","376077"
"24/09/2025","Traspaso","Swiderski","Pablinistan FC","LALIGA","339115"
"24/09/2025","Traspaso","L. Milla","Pablinistan FC","LALIGA","43165440"
"24/09/2025","Traspaso","Laporte","Alcatamy eSports By","LALIGA","26455770"
"24/09/2025","Traspaso","Bartra","Alcatamy eSports By","LALIGA","41436205"
"23/09/2025","Traspaso","Pepe","Visite La Manga FC","LALIGA","79551594"
"23/09/2025","Traspaso","Arda Güler","LALIGA","Alcatamy eSports By","109563212"
"23/09/2025","Traspaso","Lewandowski","Alcatamy eSports By","LALIGA","67371576"
"22/09/2025","Traspaso","Antony","Vigar FC","LALIGA","103426601"
"22/09/2025","Traspaso","M. Narváez","LALIGA","Visite La Manga FC","700173"
"22/09/2025","Traspaso","Tenaglia","LALIGA","Visite La Manga FC","17876922"
"22/09/2025","Traspaso","Domenech","LALIGA","Visite La Manga FC","428963"
"22/09/2025","Traspaso","Rafa Marín","LALIGA","Vigar FC","31500000"
"22/09/2025","Blindaje","Tárrega","","","0"
"22/09/2025","Blindaje","Edu Expósito","","","0"
"22/09/2025","Traspaso","A. J. Morales","Morenazos FC","Visite La Manga FC","5234140"
"22/09/2025","Blindaje","Aarón","","","0"
"22/09/2025","Blindaje","Agirrezabala","","","0"
"22/09/2025","Traspaso","Pepe","Vigar FC","Visite La Manga FC","71317282"
"22/09/2025","Traspaso","A. Batalla","Vigar FC","Visite La Manga FC","13000000"
"22/09/2025","Traspaso","Foulquier","Visite La Manga FC","Morenazos FC","7716890"
"22/09/2025","Recompensa","Pablinistan FC","","","100000"
"22/09/2025","Recompensa","Visite La Manga FC","","","100000"
"22/09/2025","Recompensa","Vigar FC","","","100000"
"22/09/2025","Recompensa","GOLENCIERRO FC","","","100000"
"22/09/2025","Recompensa","Morenazos FC","","","5900000"
"22/09/2025","Recompensa","Alcatamy eSports By","","","8300000"
"22/09/2025","Recompensa","Pablinistan FC","","","8600000"
"22/09/2025","Recompensa","Visite La Manga FC","","","6400000"
"22/09/2025","Recompensa","Vigar FC","","","9300000"
"21/09/2025","Recompensa","GOLENCIERRO FC","","","8300000"
"21/09/2025","Traspaso","Marcos Alonso","Morenazos FC","LALIGA","9515205"
"21/09/2025","Traspaso","Mikautadze","Morenazos FC","LALIGA","31509878"
"21/09/2025","Traspaso","F. Calero","Morenazos FC","Pablinistan FC","2005016"
"21/09/2025","Traspaso","C. Soler","Pablinistan FC","LALIGA","18078828"
"21/09/2025","Traspaso","Ratiu","LALIGA","Pablinistan FC","15688000"
"21/09/2025","Traspaso","B. Iglesias","LALIGA","GOLENCIERRO FC","8729511"
"21/09/2025","Traspaso","Bartra","LALIGA","Alcatamy eSports By","46796595"
"21/09/2025","Traspaso","Javi Guerra","LALIGA","Vigar FC","21272086"
"21/09/2025","Blindaje","Júnior R.","","","0"
"20/09/2025","Blindaje","Hassan","","","0"
"20/09/2025","Traspaso","Fornals","Visite La Manga FC","Pablinistan FC","27980278"
"20/09/2025","Traspaso","V. Rosier","Pablinistan FC","LALIGA","19891402"
"20/09/2025","Traspaso","L. Milla","Visite La Manga FC","Pablinistan FC","39147942"
"20/09/2025","Traspaso","Gueye","Pablinistan FC","Visite La Manga FC","34193668"
"20/09/2025","Traspaso","Juanlu","Pablinistan FC","LALIGA","3338116"
"20/09/2025","Traspaso","Etta Eyong","Alcatamy eSports By","Pablinistan FC","48046785"
"20/09/2025","Traspaso","Moncayola","LALIGA","Morenazos FC","5300000"
"20/09/2025","Traspaso","Mikautadze","LALIGA","Morenazos FC","28972463"
"20/09/2025","Traspaso","Alexis Sánchez","LALIGA","Alcatamy eSports By","4375212"
"20/09/2025","Traspaso","Ez Abde","LALIGA","Alcatamy eSports By","3489303"
"20/09/2025","Traspaso","Boyomo","Pablinistan FC","Alcatamy eSports By","21027506"
"19/09/2025","Traspaso","Ilaix Moriba","Alcatamy eSports By","LALIGA","5646357"
"19/09/2025","Traspaso","Altimira","LALIGA","Visite La Manga FC","24000000"
"19/09/2025","Traspaso","Léo Pétrot","LALIGA","Visite La Manga FC","659353"
"19/09/2025","Traspaso","Iago Aspas","LALIGA","Pablinistan FC","20155555"
"19/09/2025","Traspaso","Ounahi","LALIGA","Pablinistan FC","866657"
"18/09/2025","Traspaso","Víctor Muñoz","Visite La Manga FC","Pablinistan FC","2551415"
"18/09/2025","Traspaso","Berenguer","Pablinistan FC","GOLENCIERRO FC","31474933"
"18/09/2025","Blindaje","Etta Eyong","","","0"
"18/09/2025","Blindaje","Pepe","","","0"
"18/09/2025","Traspaso","C. Soler","LALIGA","Pablinistan FC","17952500"
"18/09/2025","Traspaso","André Silva","LALIGA","Pablinistan FC","4280996"
"18/09/2025","Traspaso","Buchanan","GOLENCIERRO FC","Vigar FC","30313932"
"18/09/2025","Traspaso","Foyth","Alcatamy eSports By","LALIGA","27384173"
"18/09/2025","Traspaso","Gayá","Pablinistan FC","LALIGA","6402203"
"18/09/2025","Blindaje","Júnior R.","","","0"
"18/09/2025","Blindaje","Aarón","","","0"
"18/09/2025","Traspaso","Pol Lozano","Pablinistan FC","LALIGA","1220194"
"17/09/2025","Blindaje","Affengruber","","","0"
"17/09/2025","Traspaso","Suazo","LALIGA","Alcatamy eSports By","6150212"
"17/09/2025","Traspaso","Laporte","LALIGA","Alcatamy eSports By","26653212"
"17/09/2025","Traspaso","Rioja","Vigar FC","LALIGA","18022309"
"17/09/2025","Blindaje","Leo Román","","","0"
"16/09/2025","Traspaso","Febas","Morenazos FC","GOLENCIERRO FC","2019738"
"16/09/2025","Traspaso","Cucho","Alcatamy eSports By","GOLENCIERRO FC","10296859"
"16/09/2025","Traspaso","German V.","Vigar FC","GOLENCIERRO FC","10791271"
"16/09/2025","Traspaso","Johnny","GOLENCIERRO FC","LALIGA","20850485"
"16/09/2025","Traspaso","Aimar","GOLENCIERRO FC","LALIGA","12969229"
"16/09/2025","Blindaje","Ferran","","","0"
"16/09/2025","Traspaso","Rafa Mir","LALIGA","Alcatamy eSports By","17362312"
"16/09/2025","Traspaso","R. Mendoza","LALIGA","Vigar FC","4172591"
"16/09/2025","Traspaso","Dendoncker","LALIGA","Morenazos FC","6377160"
"16/09/2025","Recompensa","Alcatamy eSports By","","","6200000"
"16/09/2025","Recompensa","GOLENCIERRO FC","","","6600000"
"16/09/2025","Recompensa","Visite La Manga FC","","","7800000"
"16/09/2025","Recompensa","Vigar FC","","","6200000"
"16/09/2025","Recompensa","Pablinistan FC","","","4400000"
"16/09/2025","Recompensa","Morenazos FC","","","7500000"
"16/09/2025","Recompensa","GOLENCIERRO FC","","","100000"
"16/09/2025","Recompensa","Visite La Manga FC","","","100000"
"16/09/2025","Recompensa","Alcatamy eSports By","","","100000"
"16/09/2025","Recompensa","Morenazos FC","","","200000"
"15/09/2025","Traspaso","Rioja","Morenazos FC","Vigar FC","17879067"
"15/09/2025","Traspaso","Arambarri","Alcatamy eSports By","GOLENCIERRO FC","14792420"
"15/09/2025","Traspaso","I. Romero","Vigar FC","GOLENCIERRO FC","2581582"
"15/09/2025","Traspaso","Bryan","Alcatamy eSports By","LALIGA","16348287"
"15/09/2025","Traspaso","Aimar","LALIGA","GOLENCIERRO FC","14374072"
"15/09/2025","Traspaso","Manuel Fernández","LALIGA","Vigar FC","1000001"
"15/09/2025","Traspaso","Riquelme","Vigar FC","LALIGA","33099317"
"14/09/2025","Traspaso","Pathé I. Ciss","Visite La Manga FC","Morenazos FC","6707070"
"14/09/2025","Traspaso","Catena","GOLENCIERRO FC","Morenazos FC","19788685"
"14/09/2025","Traspaso","Hancko","Morenazos FC","LALIGA","24883684"
"14/09/2025","Traspaso","Bellingham","GOLENCIERRO FC","LALIGA","40585838"
"14/09/2025","Traspaso","F. Mastantuono","Alcatamy eSports By","LALIGA","46907364"
"14/09/2025","Traspaso","Neyou","Pablinistan FC","LALIGA","3973618"
"14/09/2025","Traspaso","Kumbulla","LALIGA","Alcatamy eSports By","1854989"
"14/09/2025","Traspaso","Nico Gonzalez","LALIGA","Alcatamy eSports By","19391865"
"14/09/2025","Traspaso","V. Rosier","Visite La Manga FC","Pablinistan FC","16431853"
"14/09/2025","Traspaso","E. Militão","Pablinistan FC","Visite La Manga FC","46854910"
"13/09/2025","Traspaso","Carvajal","LALIGA","Visite La Manga FC","24577933"
"13/09/2025","Traspaso","De Frutos","LALIGA","Alcatamy eSports By","25864255"
"12/09/2025","Traspaso","Jauregizar","GOLENCIERRO FC","LALIGA","12499205"
"12/09/2025","Traspaso","Aimar","GOLENCIERRO FC","LALIGA","15772581"
"12/09/2025","Traspaso","Isi","Alcatamy eSports By","LALIGA","45736998"
"12/09/2025","Traspaso","Johnny","LALIGA","GOLENCIERRO FC","23976030"
"12/09/2025","Traspaso","Lewandowski","LALIGA","Alcatamy eSports By","58453935"
"12/09/2025","Traspaso","Pol Lozano","LALIGA","Pablinistan FC","1357857"
"11/09/2025","Traspaso","Raúl","LALIGA","GOLENCIERRO FC","1202143"
"11/09/2025","Traspaso","Mariano","LALIGA","Morenazos FC","2871274"
"11/09/2025","Traspaso","Foyth","LALIGA","Alcatamy eSports By","27895321"
"11/09/2025","Traspaso","Almada","Alcatamy eSports By","LALIGA","33570130"
"11/09/2025","Traspaso","Gudelj","Alcatamy eSports By","Pablinistan FC","3337651"
"11/09/2025","Traspaso","Álvaro Nuñez","Pablinistan FC","Vigar FC","3121940"
"11/09/2025","Traspaso","Eric","Vigar FC","Pablinistan FC","18355309"
"11/09/2025","Blindaje","Sergio Herrera","","","0"
"11/09/2025","Blindaje","Affengruber","","","0"
"10/09/2025","Traspaso","Bartra","GOLENCIERRO FC","LALIGA","37781233"
"10/09/2025","Blindaje","F. Mastantuono","","","0"
"10/09/2025","Traspaso","Mbappé","Visite La Manga FC","Morenazos FC","167000000"
"10/09/2025","Traspaso","R. Araujo","Morenazos FC","LALIGA","22859209"
"10/09/2025","Traspaso","Á. Carreras","Vigar FC","LALIGA","65809247"
"10/09/2025","Traspaso","Bellingham","LALIGA","GOLENCIERRO FC","37000001"
"10/09/2025","Blindaje","Lo Celso","","","0"
"09/09/2025","Traspaso","Tenaglia","Vigar FC","LALIGA","13080184"
"09/09/2025","Traspaso","Gayá","LALIGA","Pablinistan FC","7922564"
"09/09/2025","Traspaso","Juanlu","LALIGA","Pablinistan FC","2544148"
"09/09/2025","Traspaso","Vargas","LALIGA","Vigar FC","10481237"
"08/09/2025","Blindaje","Mbappé","","","0"
"08/09/2025","Traspaso","Lamine Yamal","Morenazos FC","Alcatamy eSports By","150024667"
"08/09/2025","Traspaso","Neyou","LALIGA","Pablinistan FC","4107545"
"08/09/2025","Traspaso","Swiderski","LALIGA","Pablinistan FC","322667"
"08/09/2025","Traspaso","Rafa Romero","LALIGA","Morenazos FC","333387"
"07/09/2025","Traspaso","Fran González","Visite La Manga FC","LALIGA","408743"
"07/09/2025","Traspaso","Pablo Durán","Alcatamy eSports By","LALIGA","604587"
"07/09/2025","Traspaso","A. Fortuño","LALIGA","Visite La Manga FC","673237"
"07/09/2025","Traspaso","Bryan","LALIGA","Alcatamy eSports By","16718905"
"06/09/2025","Traspaso","Barrenetxea","Pablinistan FC","LALIGA","10500733"
"06/09/2025","Traspaso","Raphinha","Alcatamy eSports By","GOLENCIERRO FC","140031541"
"06/09/2025","Traspaso","De Frutos","GOLENCIERRO FC","LALIGA","21943521"
"06/09/2025","Traspaso","Javi Guerra","GOLENCIERRO FC","LALIGA","23021409"
"06/09/2025","Traspaso","Areso","Alcatamy eSports By","GOLENCIERRO FC","14132115"
"06/09/2025","Traspaso","Tenaglia","LALIGA","Vigar FC","11382382"
"06/09/2025","Traspaso","Odriozola","Morenazos FC","LALIGA","1061678"
"06/09/2025","Traspaso","Oskarsson","Morenazos FC","LALIGA","4479408"
"06/09/2025","Traspaso","Almada","Morenazos FC","Alcatamy eSports By","30134138"
"06/09/2025","Traspaso","Ruben","Pablinistan FC","LALIGA","350771"
"06/09/2025","Traspaso","F. Garcés","Pablinistan FC","GOLENCIERRO FC","3065405"
"06/09/2025","Traspaso","Tárrega","Alcatamy eSports By","GOLENCIERRO FC","12577638"
"06/09/2025","Traspaso","Isi","GOLENCIERRO FC","Alcatamy eSports By","40646043"
"06/09/2025","Traspaso","Coba","Pablinistan FC","LALIGA","395535"
"06/09/2025","Traspaso","Barrenetxea","Alcatamy eSports By","Pablinistan FC","9514007"
"05/09/2025","Traspaso","Rafa Marín","Pablinistan FC","LALIGA","22431940"
"05/09/2025","Traspaso","Á. Carreras","LALIGA","Vigar FC","62505001"
"05/09/2025","Traspaso","Ilaix Moriba","LALIGA","Alcatamy eSports By","5256859"
"05/09/2025","Traspaso","Hancko","LALIGA","Morenazos FC","25356496"
"04/09/2025","Traspaso","Eder Sarabia","LALIGA","GOLENCIERRO FC","932159"
"04/09/2025","Traspaso","Almeida","Morenazos FC","LALIGA","3624628"
"04/09/2025","Traspaso","Rafa Marín","GOLENCIERRO FC","Pablinistan FC","19839388"
"04/09/2025","Traspaso","Boyomo","Alcatamy eSports By","Pablinistan FC","14671700"
"04/09/2025","Traspaso","Pepe","Pablinistan FC","Vigar FC","35176521"
"04/09/2025","Traspaso","Huijsen","Alcatamy eSports By","LALIGA","103246322"
"04/09/2025","Traspaso","Tchouaméni","Vigar FC","LALIGA","56105809"
"04/09/2025","Traspaso","Buchanan","LALIGA","GOLENCIERRO FC","20000000"
"04/09/2025","Traspaso","Etta Eyong","LALIGA","Alcatamy eSports By","20256321"
"04/09/2025","Traspaso","Antony","LALIGA","Vigar FC","78500011"
"04/09/2025","Traspaso","Maroan","Vigar FC","LALIGA","6387634"
"03/09/2025","Traspaso","Mouriño","LALIGA","Alcatamy eSports By","18123021"
"02/09/2025","Traspaso","Brahim","Vigar FC","LALIGA","21568481"
"02/09/2025","Traspaso","Darder","LALIGA","Morenazos FC","15694649"
"02/09/2025","Traspaso","Dani Calvo","LALIGA","Morenazos FC","1296487"
"02/09/2025","Traspaso","Nacho Vidal","LALIGA","Morenazos FC","2324533"
"02/09/2025","Traspaso","Febas","LALIGA","Morenazos FC","1260742"
"02/09/2025","Traspaso","F. Calero","LALIGA","Morenazos FC","1517486"
"02/09/2025","Blindaje","Gueye","","","0"
"02/09/2025","Traspaso","Diego López","Morenazos FC","LALIGA","18648781"
"01/09/2025","Traspaso","A. J. Morales","LALIGA","Morenazos FC","5234140"
"01/09/2025","Traspaso","Aarón","LALIGA","Alcatamy eSports By","7257212"
"01/09/2025","Traspaso","Dani Olmo","Vigar FC","LALIGA","44961309"
"01/09/2025","Traspaso","Juan Iglesias","Pablinistan FC","LALIGA","2620532"
"01/09/2025","Recompensa","Morenazos FC","","","100000"
"01/09/2025","Recompensa","GOLENCIERRO FC","","","100000"
"01/09/2025","Recompensa","Morenazos FC","","","5300000"
"01/09/2025","Recompensa","Alcatamy eSports By","","","6200000"
"01/09/2025","Recompensa","Visite La Manga FC","","","6500000"
"01/09/2025","Recompensa","Vigar FC","","","4800000"
"01/09/2025","Recompensa","Pablinistan FC","","","7800000"
"01/09/2025","Recompensa","GOLENCIERRO FC","","","6100000"
"31/08/2025","Traspaso","David López","Morenazos FC","LALIGA","5396348"
"31/08/2025","Traspaso","Turrientes","Pablinistan FC","LALIGA","2609659"
"31/08/2025","Traspaso","De Galarreta","Vigar FC","LALIGA","9806122"
"31/08/2025","Traspaso","Víctor Muñoz","LALIGA","Visite La Manga FC","2551415"
"31/08/2025","Traspaso","Rioja","LALIGA","Morenazos FC","17600000"
"31/08/2025","Traspaso","Edu Expósito","LALIGA","Alcatamy eSports By","7370104"
"31/08/2025","Traspaso","Jauregizar","LALIGA","GOLENCIERRO FC","10028596"
"31/08/2025","Traspaso","Mario Martín","Vigar FC","LALIGA","1753827"
"30/08/2025","Traspaso","D. Cárdenas","GOLENCIERRO FC","LALIGA","551841"
"30/08/2025","Traspaso","Raba","GOLENCIERRO FC","LALIGA","17820680"
"30/08/2025","Traspaso","Dani Olmo","LALIGA","Vigar FC","43527745"
"30/08/2025","Traspaso","German V.","LALIGA","Vigar FC","3400000"
"30/08/2025","Traspaso","Ruggeri","Vigar FC","LALIGA","18821898"
"30/08/2025","Traspaso","Pau López","Alcatamy eSports By","LALIGA","7783735"
"29/08/2025","Traspaso","Iñaki Peña","LALIGA","GOLENCIERRO FC","1491243"
"29/08/2025","Traspaso","Aleñá","Vigar FC","LALIGA","6499357"
"29/08/2025","Traspaso","Zubeldia","Alcatamy eSports By","Visite La Manga FC","17900000"
"29/08/2025","Traspaso","Brais Méndez","Visite La Manga FC","LALIGA","16796481"
"29/08/2025","Traspaso","C. Dominguez","Visite La Manga FC","LALIGA","573179"
"29/08/2025","Traspaso","Riquelme","Alcatamy eSports By","Vigar FC","25000000"
"29/08/2025","Traspaso","Danjuma","Visite La Manga FC","LALIGA","6983253"
"28/08/2025","Traspaso","Turrientes","LALIGA","Pablinistan FC","2600264"
"27/08/2025","Traspaso","Conor Gallagher","Morenazos FC","LALIGA","11127069"
"27/08/2025","Traspaso","Nyland","GOLENCIERRO FC","LALIGA","5876562"
"27/08/2025","Traspaso","Leo Román","LALIGA","GOLENCIERRO FC","7000000"
"27/08/2025","Traspaso","Cucho","LALIGA","Alcatamy eSports By","10296859"
"27/08/2025","Traspaso","Brais Méndez","LALIGA","Visite La Manga FC","18100000"
"27/08/2025","Traspaso","Pathé I. Ciss","LALIGA","Visite La Manga FC","4100000"
"27/08/2025","Traspaso","F. Mastantuono","LALIGA","Alcatamy eSports By","26352610"
"27/08/2025","Blindaje","Catena","","","0"
"26/08/2025","Traspaso","Iñaki Williams","GOLENCIERRO FC","LALIGA","49075586"
"26/08/2025","Traspaso","Maroan","LALIGA","Vigar FC","6000001"
"26/08/2025","Traspaso","Eric","LALIGA","Vigar FC","14256620"
"26/08/2025","Traspaso","Ruben","LALIGA","Pablinistan FC","318816"
"26/08/2025","Traspaso","Mario Martín","LALIGA","Vigar FC","1900000"
"26/08/2025","Traspaso","Aramburu","LALIGA","Alcatamy eSports By","7343725"
"26/08/2025","Traspaso","Simeone","LALIGA","Alcatamy eSports By","6735256"
"26/08/2025","Traspaso","Ferran","GOLENCIERRO FC","Vigar FC","33282428"
"26/08/2025","Traspaso","Aleñá","Visite La Manga FC","Vigar FC","5403700"
"26/08/2025","Blindaje","Huijsen","","","0"
"26/08/2025","Blindaje","Cardona","","","0"
"26/08/2025","Traspaso","Blanco","Visite La Manga FC","LALIGA","6635098"
"26/08/2025","Traspaso","L. Milla","Vigar FC","Visite La Manga FC","21576406"
"26/08/2025","Blindaje","Mbappé","","","0"
"26/08/2025","Blindaje","E. Militão","","","0"
"26/08/2025","Recompensa","Visite La Manga FC","","","8200000"
"26/08/2025","Recompensa","Alcatamy eSports By","","","6700000"
"26/08/2025","Recompensa","GOLENCIERRO FC","","","7700000"
"26/08/2025","Recompensa","Vigar FC","","","10700000"
"26/08/2025","Recompensa","Pablinistan FC","","","8900000"
"26/08/2025","Recompensa","Morenazos FC","","","3700000"
"26/08/2025","Recompensa","GOLENCIERRO FC","","","100000"
"26/08/2025","Recompensa","Vigar FC","","","200000"
"26/08/2025","Recompensa","Visite La Manga FC","","","200000"
"26/08/2025","Recompensa","Pablinistan FC","","","100000"
"26/08/2025","Traspaso","Rubén García","Vigar FC","LALIGA","11357417"
"25/08/2025","Traspaso","Raba","Visite La Manga FC","GOLENCIERRO FC","19500000"
"25/08/2025","Traspaso","Álvaro Nuñez","GOLENCIERRO FC","Pablinistan FC","1672043"
"25/08/2025","Traspaso","Brais Méndez","Alcatamy eSports By","LALIGA","18313510"
"25/08/2025","Traspaso","Ugrinic","Alcatamy eSports By","LALIGA","5620753"
"25/08/2025","Traspaso","Tsygankov","Morenazos FC","LALIGA","16777345"
"25/08/2025","Traspaso","Tchouaméni","Pablinistan FC","Vigar FC","45913530"
"25/08/2025","Traspaso","Gudelj","LALIGA","Alcatamy eSports By","2923496"
"25/08/2025","Traspaso","Pau López","LALIGA","Alcatamy eSports By","7062746"
"25/08/2025","Traspaso","Lamine Yamal","LALIGA","Morenazos FC","143000000"
"24/08/2025","Traspaso","T. Martinez","Pablinistan FC","LALIGA","2178677"
"24/08/2025","Traspaso","Raíllo","Vigar FC","LALIGA","19819938"
"24/08/2025","Traspaso","R. Terrats","Vigar FC","LALIGA","4235363"
"24/08/2025","Traspaso","Agirrezabala","LALIGA","Vigar FC","10000000"
"24/08/2025","Traspaso","Blanco","LALIGA","Visite La Manga FC","6141811"
"23/08/2025","Traspaso","J. Mojica","Visite La Manga FC","LALIGA","14254186"
"23/08/2025","Traspaso","Kike Barja","Vigar FC","LALIGA","1191007"
"23/08/2025","Blindaje","Mbappé","","","0"
"23/08/2025","Traspaso","Brahim","LALIGA","Vigar FC","17119939"
"23/08/2025","Traspaso","Lemar","LALIGA","Morenazos FC","4493526"
"23/08/2025","Traspaso","Areso","LALIGA","Alcatamy eSports By","8229828"
"23/08/2025","Traspaso","Almada","GOLENCIERRO FC","Morenazos FC","28778086"
"22/08/2025","Traspaso","Arda Güler","Vigar FC","LALIGA","84152709"
"22/08/2025","Traspaso","R. Terrats","LALIGA","Vigar FC","4200000"
"22/08/2025","Traspaso","Ernesto Valverde","LALIGA","GOLENCIERRO FC","5787602"
"22/08/2025","Traspaso","I. Romero","LALIGA","Vigar FC","655242"
"21/08/2025","Traspaso","Kike Barja","LALIGA","Vigar FC","1196970"
"21/08/2025","Traspaso","Simeone","GOLENCIERRO FC","LALIGA","7372392"
"21/08/2025","Traspaso","Riquelme","GOLENCIERRO FC","Alcatamy eSports By","21000000"
"21/08/2025","Traspaso","A. Batalla","Alcatamy eSports By","Vigar FC","13000000"
"21/08/2025","Blindaje","E. Militão","","","0"
"21/08/2025","Blindaje","Brais Méndez","","","0"
"21/08/2025","Blindaje","Nyland","","","0"
"21/08/2025","Traspaso","Pepe","Vigar FC","Pablinistan FC","21184896"
"21/08/2025","Traspaso","Dmitrovic","Vigar FC","Visite La Manga FC","11325763"
"21/08/2025","Traspaso","Diakhaby","Visite La Manga FC","LALIGA","3309205"
"21/08/2025","Traspaso","Krapyvtsov","Morenazos FC","Alcatamy eSports By","1000000"
"21/08/2025","Traspaso","Rafa Marín","LALIGA","GOLENCIERRO FC","11000000"
"21/08/2025","Traspaso","Iñaki Williams","LALIGA","GOLENCIERRO FC","65000000"
"21/08/2025","Traspaso","D. Cárdenas","LALIGA","GOLENCIERRO FC","800000"
"20/08/2025","Traspaso","Boyomo","LALIGA","Alcatamy eSports By","11459953"
"20/08/2025","Traspaso","Arambarri","Morenazos FC","Alcatamy eSports By","11292420"
"20/08/2025","Traspaso","Vini Jr.","Morenazos FC","Pablinistan FC","108300000"
"20/08/2025","Traspaso","Gonzalo","Pablinistan FC","LALIGA","13286187"
"20/08/2025","Traspaso","Carmona","GOLENCIERRO FC","LALIGA","2229164"
"20/08/2025","Traspaso","Trent","Alcatamy eSports By","LALIGA","66400501"
"20/08/2025","Traspaso","Barrenetxea","LALIGA","Alcatamy eSports By","4892148"
"20/08/2025","Traspaso","Arda Güler","LALIGA","Vigar FC","81320000"
"20/08/2025","Traspaso","Sergio Francisco","LALIGA","Morenazos FC","6715735"
"20/08/2025","Traspaso","Parejo","Pablinistan FC","LALIGA","12920300"
"20/08/2025","Recompensa","GOLENCIERRO FC","","","10600000"
"20/08/2025","Recompensa","Pablinistan FC","","","6100000"
"20/08/2025","Recompensa","Vigar FC","","","6900000"
"20/08/2025","Recompensa","Alcatamy eSports By","","","6700000"
"20/08/2025","Recompensa","Visite La Manga FC","","","7700000"
"20/08/2025","Recompensa","Morenazos FC","","","4500000"
"20/08/2025","Recompensa","Visite La Manga FC","","","100000"
"20/08/2025","Recompensa","GOLENCIERRO FC","","","200000"
"20/08/2025","Recompensa","Alcatamy eSports By","","","100000"
"19/08/2025","Traspaso","Valverde","Pablinistan FC","LALIGA","95114065"
"19/08/2025","Blindaje","A. Moleiro","","","0"
"19/08/2025","Blindaje","De Frutos","","","0"
"19/08/2025","Blindaje","Raba","","","0"
"19/08/2025","Blindaje","Brais Méndez","","","0"
"19/08/2025","Blindaje","Pepe","","","0"
"19/08/2025","Traspaso","Paredes","Vigar FC","LALIGA","9934947"
"19/08/2025","Traspaso","Carlos V.","Vigar FC","LALIGA","18796911"
"19/08/2025","Traspaso","Pepelu","Pablinistan FC","LALIGA","13070803"
"19/08/2025","Traspaso","Affengruber","LALIGA","GOLENCIERRO FC","3000000"
"18/08/2025","Traspaso","Fran González","LALIGA","Visite La Manga FC","485078"
"18/08/2025","Traspaso","Diego Conde","Visite La Manga FC","LALIGA","5639868"
"18/08/2025","Traspaso","Ugrinic","LALIGA","Alcatamy eSports By","6836228"
"18/08/2025","Traspaso","F. De Jong","Morenazos FC","LALIGA","56809844"
"17/08/2025","Traspaso","Le Normand","Vigar FC","LALIGA","43606337"
"17/08/2025","Traspaso","Paredes","LALIGA","Vigar FC","9340840"
"17/08/2025","Traspaso","Conor Gallagher","LALIGA","Morenazos FC","13435955"
"17/08/2025","Traspaso","Danjuma","LALIGA","Visite La Manga FC","6707122"
"17/08/2025","Traspaso","Raphinha","LALIGA","Alcatamy eSports By","118645283"
"17/08/2025","Traspaso","Hassan","LALIGA","Visite La Manga FC","3987843"
"17/08/2025","Traspaso","Natan","Alcatamy eSports By","LALIGA","17294901"
"17/08/2025","Traspaso","Rioja","Alcatamy eSports By","LALIGA","17594791"
"17/08/2025","Traspaso","Darder","Alcatamy eSports By","LALIGA","16687246"
"16/08/2025","Traspaso","Pablo Torre","Alcatamy eSports By","LALIGA","10003807"
"16/08/2025","Traspaso","Sivera","Pablinistan FC","LALIGA","9420365"
"16/08/2025","Traspaso","C. Alvarez","LALIGA","Alcatamy eSports By","1264969"
"16/08/2025","Traspaso","Comesaña","LALIGA","GOLENCIERRO FC","8000000"
"16/08/2025","Traspaso","Tsygankov","LALIGA","Morenazos FC","14792570"
"16/08/2025","Traspaso","Júnior R.","LALIGA","Pablinistan FC","9968000"
"16/08/2025","Traspaso","Gueye","LALIGA","Pablinistan FC","7899966"
"16/08/2025","Traspaso","Hugo Duro","Alcatamy eSports By","LALIGA","20422279"
"15/08/2025","Traspaso","Gazzaniga","Morenazos FC","LALIGA","21608219"
"15/08/2025","Traspaso","Luengo","LALIGA","Pablinistan FC","994292"
"15/08/2025","Traspaso","Coba","LALIGA","Pablinistan FC","402172"
"15/08/2025","Traspaso","Sergio Herrera","LALIGA","Morenazos FC","23500000"
"15/08/2025","Traspaso","Le Normand","Alcatamy eSports By","Vigar FC","39749512"
"15/08/2025","Traspaso","Moi Gómez","Morenazos FC","LALIGA","5184358"
"15/08/2025","Traspaso","Giuliano","Morenazos FC","LALIGA","28644277"
"14/08/2025","Traspaso","Foulquier","LALIGA","Visite La Manga FC","5575472"
"14/08/2025","Traspaso","A. Roca","LALIGA","Alcatamy eSports By","331419"
"14/08/2025","Traspaso","Lo Celso","LALIGA","Vigar FC","55500000"
"14/08/2025","Traspaso","Hugo Duro","LALIGA","Alcatamy eSports By","19850231"
"14/08/2025","Traspaso","Tárrega","LALIGA","Alcatamy eSports By","11750231"
"14/08/2025","Traspaso","Hansi Flick","LALIGA","Vigar FC","16000000"
"14/08/2025","Traspaso","Carlos Corberán","LALIGA","Morenazos FC","938967"
"14/08/2025","Traspaso","Asano","Pablinistan FC","Visite La Manga FC","4200000"
"14/08/2025","Traspaso","Puado","Alcatamy eSports By","LALIGA","39762476"
"14/08/2025","Traspaso","Gavi","Morenazos FC","LALIGA","19280451"
"14/08/2025","Traspaso","Fran García","Alcatamy eSports By","LALIGA","10980858"
"13/08/2025","Traspaso","Kike García","GOLENCIERRO FC","LALIGA","8440798"
"13/08/2025","Traspaso","Pablo Durán","LALIGA","Alcatamy eSports By","956502"
"13/08/2025","Traspaso","Gonzalo","LALIGA","Pablinistan FC","12054400"
"12/08/2025","Traspaso","Juan Iglesias","LALIGA","Pablinistan FC","1334986"
"12/08/2025","Traspaso","José Bordalás","LALIGA","Visite La Manga FC","2604720"
"12/08/2025","Traspaso","Marcos Llorente","LALIGA","Visite La Manga FC","39962224"
"12/08/2025","Traspaso","T. Martinez","LALIGA","Pablinistan FC","2069876"
"12/08/2025","Traspaso","Odriozola","LALIGA","Morenazos FC","1965954"
"12/08/2025","Traspaso","Asano","LALIGA","Pablinistan FC","3566689"
"12/08/2025","Traspaso","Christensen","Pablinistan FC","LALIGA","10287690"
"12/08/2025","Traspaso","Lunin","Morenazos FC","LALIGA","5059871"
"11/08/2025","Traspaso","Álvaro García","GOLENCIERRO FC","LALIGA","12492045"
"11/08/2025","Traspaso","Isco","Vigar FC","LALIGA","95293958"
"11/08/2025","Traspaso","Kike Salas","LALIGA","Vigar FC","5500111"
"11/08/2025","Traspaso","Trent","LALIGA","Alcatamy eSports By","57232021"
"11/08/2025","Traspaso","Tchouaméni","LALIGA","Pablinistan FC","42980400"
"11/08/2025","Traspaso","Asencio","Pablinistan FC","LALIGA","13438677"
"11/08/2025","Traspaso","Ratiu","Alcatamy eSports By","LALIGA","13834707"
"11/08/2025","Traspaso","Rodrygo","Alcatamy eSports By","LALIGA","22906271"
"11/08/2025","Traspaso","Morey","Alcatamy eSports By","LALIGA","3374417"
"10/08/2025","Traspaso","Ayoze","GOLENCIERRO FC","LALIGA","58814834"
"10/08/2025","Traspaso","Paredes","Vigar FC","LALIGA","10792679"
"10/08/2025","Traspaso","Ferran","LALIGA","GOLENCIERRO FC","25000000"
"10/08/2025","Traspaso","Carmona","LALIGA","GOLENCIERRO FC","3500000"
"10/08/2025","Traspaso","Le Normand","LALIGA","Alcatamy eSports By","39595321"
"10/08/2025","Traspaso","F. De Jong","LALIGA","Morenazos FC","51029442"
"10/08/2025","Traspaso","Valverde","LALIGA","Pablinistan FC","88783959"
"10/08/2025","Traspaso","Marcelino","LALIGA","Visite La Manga FC","6242640"
"09/08/2025","Traspaso","Guruzeta","Pablinistan FC","LALIGA","14439315"
"09/08/2025","Traspaso","Camavinga","Morenazos FC","LALIGA","21920398"
"09/08/2025","Traspaso","J. M. Giménez","Morenazos FC","LALIGA","11667622"
"09/08/2025","Traspaso","Isaac","Pablinistan FC","LALIGA","7838425"
"09/08/2025","Traspaso","Morey","LALIGA","Alcatamy eSports By","3371512"
"09/08/2025","Traspaso","Huijsen","LALIGA","Alcatamy eSports By","70135202"
"09/08/2025","Traspaso","Mbappé","LALIGA","Visite La Manga FC","147000000"
"09/08/2025","Traspaso","Aleñá","LALIGA","Visite La Manga FC","3474134"
"09/08/2025","Traspaso","Gazzaniga","LALIGA","Morenazos FC","21638466"
"09/08/2025","Traspaso","Iván Martín","Pablinistan FC","LALIGA","12781944"
"08/08/2025","Traspaso","Sergio Gómez","GOLENCIERRO FC","LALIGA","12458239"
"08/08/2025","Traspaso","Ez Abde","Alcatamy eSports By","LALIGA","6966490"
"08/08/2025","Traspaso","Isco","LALIGA","Vigar FC","107158500"
"08/08/2025","Traspaso","Ayoze","LALIGA","GOLENCIERRO FC","64690971"
"08/08/2025","Traspaso","V. Rosier","LALIGA","Visite La Manga FC","5600000"
"08/08/2025","Traspaso","Xabi Alonso","LALIGA","Pablinistan FC","19494000"
"08/08/2025","Traspaso","Riquelme","Visite La Manga FC","GOLENCIERRO FC","21000001"
"08/08/2025","Traspaso","Buchanan","Pablinistan FC","LALIGA","6731372"
"08/08/2025","Traspaso","Gayá","Visite La Manga FC","LALIGA","15432075"
"08/08/2025","Traspaso","Becker","Visite La Manga FC","LALIGA","8723704"
"07/08/2025","Traspaso","Endrick","Alcatamy eSports By","LALIGA","7563782"
"07/08/2025","Traspaso","Tsygankov","Vigar FC","LALIGA","17405882"
"07/08/2025","Traspaso","Koke","Vigar FC","LALIGA","11059036"
"07/08/2025","Traspaso","Puado","LALIGA","Alcatamy eSports By","38522121"
"07/08/2025","Traspaso","Simeone","LALIGA","GOLENCIERRO FC","15000001"
"07/08/2025","Traspaso","E. Militão","LALIGA","Pablinistan FC","33448500"
"07/08/2025","Traspaso","Diakhaby","LALIGA","Visite La Manga FC","4654373"
"07/08/2025","Traspaso","Krapyvtsov","LALIGA","Morenazos FC","375545"
"07/08/2025","Traspaso","Raíllo","Pablinistan FC","Vigar FC","24000000"
"07/08/2025","Traspaso","F. Mendy","Pablinistan FC","LALIGA","11293252"
"07/08/2025","Traspaso","Dani Rodríguez","Alcatamy eSports By","LALIGA","7405108"
"07/08/2025","Traspaso","Almada","Vigar FC","GOLENCIERRO FC","16170742"
"07/08/2025","Traspaso","L. Milla","GOLENCIERRO FC","Vigar FC","10174688"
"07/08/2025","Traspaso","Yuri","GOLENCIERRO FC","LALIGA","10677623"
"06/08/2025","Traspaso","Sucic","Vigar FC","LALIGA","10268041"
"06/08/2025","Traspaso","Ferran","Visite La Manga FC","LALIGA","19394486"
"06/08/2025","Traspaso","Comesaña","Visite La Manga FC","LALIGA","7263616"
"06/08/2025","Traspaso","Gorosabel","Visite La Manga FC","LALIGA","6872724"
"06/08/2025","Traspaso","Eric","Visite La Manga FC","LALIGA","13483559"
"06/08/2025","Traspaso","Conor Gallagher","Visite La Manga FC","LALIGA","17777192"
"06/08/2025","Traspaso","Gerard","Visite La Manga FC","LALIGA","21269858"
"06/08/2025","Traspaso","Vini Jr.","LALIGA","Morenazos FC","108300000"